{
    "display" : {
        "width" : 600,
        "height" : 700,
        "color" : "grey",
        "caption" : "Car race"
    },
    "road_line" : {
        "line" : 0,
        "color" : "white",
        "speed" : 5,
        "width" : 6,
        "height" : 40
    },
    "levels" : {
        "lives" : 3,
        "fuel_level" : 20,
        "l1" : {
            "speed" : 3
        },
        "l2" : {
            "speed" : 4
        },
        "l3" : {
            "speed" : 5
        },
        "l4" : {
            "speed" : 5
        }
    },

    "_comment" : "This is a sceleton. The actual data will be saved in the players_file.",
    
    "players" : {
        "last_player" : "Anonymous",

        "best_score_player" : "-",
        "best_score" : 0,
        "best_score_date" : "-",

        "player" : [
            {
                "name" : "Anonymous",
                "best_score" : 0,
                "best_score_date" : "-",
                "last_score" : 0,
                "last_score_date" : "-"
            }
        ]
    }
}