{
    "display" : {
        "width" : 600,
        "height" : 700,
        "color" : "grey",
        "caption" : "A car race"
    },
    "road_line" : {
        "line" : 0,
        "color" : "white",
        "speed" : 5,
        "width" : 6,
        "height" : 40
    },

    "_comment" : "This is a sceleton. The actual data will be saved in the players_file.",
    
    "players" : {
        "last_player" : "Anonymous",

        "best_score_player" : "-",
        "best_score" : 0,
        "best_score_date" : "-",

        "player" : [
            {
                "name" : "Anonymous",
                "best_score" : 0,
                "best_score_date" : "-",
                "last_score" : 0,
                "last_score_date" : "-"
            }
        ]
    }
}